{"runtime[ms]": 50.340890884399414, "throughput[images/s]": 198.64567003717823, "DRAM_in_bandwidth[MB/s]": 29.901735419356367, "DRAM_out_bandwidth[MB/s]": 39.86898055914182, "fclk[mhz]": 99.999, "batch_size": 10, "fold_input[ms]": 0.10704994201660156, "pack_input[ms]": 0.08106231689453125, "copy_input_data_to_device[ms]": 1.7991065979003906, "copy_output_data_from_device[ms]": 2.5353431701660156, "unpack_output[ms]": 257295.18032073975, "unfold_output[ms]": 0.07867813110351562}