{
  "custom_step_partition": 0.3263978958129883,
  "step_mobilenet_lower_convs": 0.16676592826843262,
  "step_mobilenet_convert_to_hls_layers_separate_th": 0.5103244781494141,
  "step_create_dataflow_partition": 0.06717944145202637,
  "step_apply_folding_config": 0.012789487838745117,
  "step_generate_estimate_reports": 0.05952095985412598,
  "step_hls_codegen": 14.22842288017273,
  "step_hls_ipgen": 224.35550808906555,
  "step_set_fifo_depths": 1918.1917383670807,
  "step_create_stitched_ip": 6.175041198730469e-05,
  "step_synthesize_bitfile": 3149.7580137252808,
  "step_make_pynq_driver": 14.432219505310059,
  "step_deployment_package": 0.20707941055297852
}