,FPGA_metrics,FPGA throughput metrics,CPU partition runtime,CPU Full Model,Runtime[ms]
Baseline,5.935907363891602,5.931377410888672,145.0812816619873,148.115873336792,151.0171890258789
