{
  "step_mobilenet_streamline": 1.441612958908081,
  "step_mobilenet_lower_convs": 0.04645586013793945,
  "step_mobilenet_convert_to_hls_layers_separate_th": 0.14392614364624023,
  "step_create_dataflow_partition": 0.016335248947143555,
  "step_apply_folding_config": 0.004904031753540039,
  "step_generate_estimate_reports": 0.03087759017944336,
  "step_hls_codegen": 0.9100065231323242,
  "step_hls_ipgen": 111.6194863319397,
  "step_set_fifo_depths": 868.5731165409088,
  "step_create_stitched_ip": 5.91278076171875e-05,
  "step_synthesize_bitfile": 2340.295175552368,
  "step_make_pynq_driver": 22.89684009552002,
  "step_deployment_package": 0.23364901542663574
}