{"45": 209.05160903930664, "31": 138.76914978027344, "23": 100.30174255371094, "33": 154.87194061279297, "53": 290.3599739074707, "15": 50.423383712768555, "19": 72.51334190368652, "5": 1.667022705078125, "57": 352.4923324584961, "13": 34.73925590515137, "51": 284.4200134277344, "39": 185.4090690612793, "21": 83.70494842529297, "37": 156.16583824157715, "41": 190.5691623687744, "7": 18.42331886291504, "47": 236.69910430908203, "17": 58.408498764038086, "11": 32.36246109008789, "43": 206.96282386779785, "9": 24.120330810546875, "27": 121.88911437988281, "35": 153.36918830871582, "49": 260.1919174194336, "25": 101.85074806213379, "29": 124.22013282775879, "55": 341.86482429504395}