{"45": {"MultiThreshold_6_out0": 215.35277366638184}, "31": {"MultiThreshold_13_out0": 139.19520378112793}, "23": {"MultiThreshold_17_out0": 94.8028564453125}, "33": {"MultiThreshold_12_out0": 145.65634727478027}, "53": {"MultiThreshold_2_out0": 291.06831550598145}, "15": {"MultiThreshold_21_out0": 50.33302307128906}, "19": {"MultiThreshold_19_out0": 72.97635078430176}, "5": {"MultiThreshold_26_out0": 1.5666484832763672}, "57": {"MultiThreshold_0_out0": 352.4608612060547}, "13": {"MultiThreshold_22_out0": 34.496307373046875}, "51": {"MultiThreshold_3_out0": 276.813268661499}, "39": {"MultiThreshold_9_out0": 177.28376388549805}, "21": {"MultiThreshold_18_out0": 80.74450492858887}, "37": {"MultiThreshold_10_out0": 157.56583213806152}, "41": {"MultiThreshold_8_out0": 188.981294631958}, "7": {"MultiThreshold_25_out0": 18.73183250427246}, "47": {"MultiThreshold_5_out0": 236.6940975189209}, "17": {"MultiThreshold_20_out0": 58.35843086242676}, "11": {"MultiThreshold_23_out0": 32.29475021362305}, "43": {"MultiThreshold_7_out0": 201.171875}, "9": {"MultiThreshold_24_out0": 23.87714385986328}, "27": {"MultiThreshold_15_out0": 117.60711669921875}, "35": {"MultiThreshold_11_out0": 153.1972885131836}, "49": {"MultiThreshold_4_out0": 260.88619232177734}, "25": {"MultiThreshold_16_out0": 101.77302360534668}, "29": {"MultiThreshold_14_out0": 123.71706962585449}, "55": {"MultiThreshold_1_out0": 344.6471691131592}}