{"45": 0.003337860107421875, "31": 0.003337860107421875, "23": 0.00286102294921875, "33": 0.0030994415283203125, "53": 0.0030994415283203125, "15": 0.003337860107421875, "19": 0.0030994415283203125, "5": 0.003337860107421875, "57": 0.00286102294921875, "13": 0.00286102294921875, "51": 0.0030994415283203125, "39": 0.0030994415283203125, "21": 0.0030994415283203125, "37": 0.0030994415283203125, "41": 0.0030994415283203125, "7": 0.00286102294921875, "47": 0.0030994415283203125, "17": 0.003337860107421875, "11": 0.00286102294921875, "43": 0.00286102294921875, "9": 0.00286102294921875, "27": 0.00286102294921875, "35": 0.003337860107421875, "49": 0.00286102294921875, "25": 0.003337860107421875, "29": 0.0030994415283203125, "55": 0.0030994415283203125}