,FPGA_metrics,FPGA throughput metrics,CPU partition runtime,CPU Full Model,Runtime[ms]
Half baseline,5.337238311767578,5.345344543457031,205.62219619750977,147.14646339416504,210.95943450927734
