{
  "step_mobilenet_streamline": 1.229865312576294,
  "step_mobilenet_lower_convs": 0.037789106369018555,
  "step_mobilenet_convert_to_hls_layers_separate_th": 0.12906098365783691,
  "step_create_dataflow_partition": 0.015505313873291016,
  "step_apply_folding_config": 0.01372385025024414,
  "step_generate_estimate_reports": 0.027944326400756836,
  "step_hls_codegen": 0.826885461807251,
  "step_hls_ipgen": 115.50760388374329,
  "step_set_fifo_depths": 725.4018676280975,
  "step_create_stitched_ip": 4.6253204345703125e-05,
  "step_synthesize_bitfile": 2247.409243106842,
  "step_make_pynq_driver": 22.62543749809265,
  "step_deployment_package": 0.22146844863891602
}