{
  "step_resnet18_tidy": 7.7865235805511475,
  "step_resnet18_streamline": 37.42788553237915,
  "step_resnet18_convert_to_hls": 16.791248321533203,
  "step_create_dataflow_partition": 1.2453503608703613,
  "step_apply_folding_config": 0.10347509384155273,
  "step_generate_estimate_reports": 0.23970866203308105
}