{
  "step_tidy_up": 0.061721086502075195,
  "step_streamline": 1.5131874084472656
}