{"runtime[ms]": 5.298376083374023, "throughput[images/s]": 188.7370742024029, "DRAM_in_bandwidth[MB/s]": 28.410214305539306, "DRAM_out_bandwidth[MB/s]": 37.880285740719074, "fclk[mhz]": 99.999, "batch_size": 1, "fold_input[ms]": 0.11372566223144531, "pack_input[ms]": 0.07724761962890625, "copy_input_data_to_device[ms]": 0.5602836608886719, "copy_output_data_from_device[ms]": 0.3082752227783203, "unpack_output[ms]": 102620.84603309631, "unfold_output[ms]": 0.05936622619628906}