{
  "step_resnet18_tidy": 7.802295207977295,
  "step_resnet18_streamline": 38.83547329902649,
  "step_resnet18_convert_to_hls": 16.348180532455444,
  "step_create_dataflow_partition": 1.2909791469573975,
  "step_apply_folding_config": 0.10262489318847656,
  "step_generate_estimate_reports": 0.2388911247253418
}