{"runtime[ms]": 5.171060562133789, "throughput[images/s]": 193.38392733643784, "DRAM_in_bandwidth[MB/s]": 29.10969581409931, "DRAM_out_bandwidth[MB/s]": 38.81292775213242, "fclk[mhz]": 99.999, "batch_size": 1, "fold_input[ms]": 0.06389617919921875, "pack_input[ms]": 0.04744529724121094, "copy_input_data_to_device[ms]": 0.4458427429199219, "copy_output_data_from_device[ms]": 0.20766258239746094, "unpack_output[ms]": 112267.96841621399, "unfold_output[ms]": 0.05698204040527344}