{"fold_input[ms]": 0.06175041198730469, "pack_input[ms]": 166679.54063415527, "copy_input_data_to_device[ms]": 0.3154277801513672, "copy_output_data_from_device[ms]": 0.21767616271972656, "unpack_output[ms]": 0.21767616271972656, "unfold_output[ms]": 0.21767616271972656, "runtime[ms]": 5.939006805419922, "throughput[images/s]": 168.37832195905258}