{
  "step_tidy_up": 7.357412815093994,
  "custom_step_tinyyolo_preprocess": 6.998024940490723,
  "custom_step_tinyyolo_streamline": 79.05976891517639
}