{
  "step_mobilenet_streamline": 0.20632696151733398,
  "step_mobilenet_lower_convs": 0.00676274299621582,
  "step_mobilenet_convert_to_hls_layers_separate_th": 0.013379096984863281,
  "step_create_dataflow_partition": 0.005864381790161133,
  "step_apply_folding_config": 0.0017080307006835938,
  "step_generate_estimate_reports": 0.010894775390625,
  "step_hls_codegen": 0.06497812271118164,
  "step_hls_ipgen": 54.85744547843933,
  "step_set_fifo_depths": 169.7836470603943,
  "step_create_stitched_ip": 0.00011920928955078125,
  "step_synthesize_bitfile": 1838.999034166336,
  "step_make_pynq_driver": 23.067705392837524,
  "step_deployment_package": 0.19455623626708984
}