{
  "step_mobilenet_streamline": 7.084541082382202,
  "step_mobilenet_lower_convs": 0.18404078483581543,
  "step_mobilenet_convert_to_hls_layers_separate_th": 0.5718119144439697,
  "step_create_dataflow_partition": 0.08878493309020996,
  "step_apply_folding_config": 0.016788244247436523,
  "step_generate_estimate_reports": 0.12317776679992676,
  "step_hls_codegen": 8.121863842010498,
  "step_hls_ipgen": 295.54133892059326,
  "step_set_fifo_depths": 1377.6193137168884,
  "step_create_stitched_ip": 7.128715515136719e-05,
  "step_synthesize_bitfile": 2837.922057390213,
  "step_make_pynq_driver": 17.441499948501587,
  "step_deployment_package": 0.19845271110534668
}