{"runtime[ms]": 6.365776062011719, "throughput[images/s]": 157.09003745318353, "DRAM_in_bandwidth[MB/s]": 23.64644915775281, "DRAM_out_bandwidth[MB/s]": 15.764299438501872, "fclk[mhz]": 99.999, "batch_size": 1, "fold_input[ms]": 0.09465217590332031, "pack_input[ms]": 0.04673004150390625, "copy_input_data_to_device[ms]": 0.4191398620605469, "copy_output_data_from_device[ms]": 0.1399517059326172, "unpack_output[ms]": 26117.17438697815, "unfold_output[ms]": 0.05984306335449219}