{"runtime[ms]": 5.507946014404297, "throughput[images/s]": 181.55588260756645, "DRAM_in_bandwidth[MB/s]": 27.329243897151763, "DRAM_out_bandwidth[MB/s]": 36.43899186286902, "fclk[mhz]": 99.999, "batch_size": 1, "fold_input[ms]": 0.06771087646484375, "pack_input[ms]": 0.05125999450683594, "copy_input_data_to_device[ms]": 0.4336833953857422, "copy_output_data_from_device[ms]": 0.21123886108398438, "unpack_output[ms]": 103032.87768363953, "unfold_output[ms]": 0.05435943603515625}