{
  "step_mobilenet_streamline": 4.707106113433838,
  "step_mobilenet_lower_convs": 0.13083839416503906,
  "step_mobilenet_convert_to_hls_layers_separate_th": 0.3877747058868408,
  "step_create_dataflow_partition": 0.041388750076293945,
  "step_apply_folding_config": 0.009820222854614258,
  "step_generate_estimate_reports": 0.07935667037963867,
  "step_hls_codegen": 7.473113775253296,
  "step_hls_ipgen": 213.20283889770508,
  "step_set_fifo_depths": 1613.321418762207,
  "step_create_stitched_ip": 8.797645568847656e-05,
  "step_synthesize_bitfile": 2975.2911632061005,
  "step_make_pynq_driver": 16.520241022109985,
  "step_deployment_package": 0.20479249954223633
}