{"runtime[ms]": 5.906105041503906, "throughput[images/s]": 169.31632488293235, "DRAM_in_bandwidth[MB/s]": 25.48684775197804, "DRAM_out_bandwidth[MB/s]": 16.991231834652027, "fclk[mhz]": 99.999, "batch_size": 1, "fold_input[ms]": 0.0972747802734375, "pack_input[ms]": 0.049114227294921875, "copy_input_data_to_device[ms]": 0.4162788391113281, "copy_output_data_from_device[ms]": 0.1552104949951172, "unpack_output[ms]": 26755.89156150818, "unfold_output[ms]": 0.059604644775390625}