{"runtime[ms]": 37.374258041381836, "throughput[images/s]": 267.56384003470293, "DRAM_in_bandwidth[MB/s]": 40.275849712743764, "DRAM_out_bandwidth[MB/s]": 316.4787910144872, "fclk[mhz]": 99.999, "batch_size": 10, "fold_input[ms]": 0.09703636169433594, "pack_input[ms]": 0.06651878356933594, "copy_input_data_to_device[ms]": 2.0427703857421875, "copy_output_data_from_device[ms]": 12.976408004760742, "unpack_output[ms]": 524276.319026947, "unfold_output[ms]": 0.06961822509765625}