{"runtime[ms]": 49.82590675354004, "throughput[images/s]": 200.69880613441157, "DRAM_in_bandwidth[MB/s]": 30.2107898898007, "DRAM_out_bandwidth[MB/s]": 20.14052659320047, "fclk[mhz]": 99.999, "batch_size": 10, "fold_input[ms]": 0.11014938354492188, "pack_input[ms]": 0.06866455078125, "copy_input_data_to_device[ms]": 1.9326210021972656, "copy_output_data_from_device[ms]": 0.6906986236572266, "unpack_output[ms]": 3072729.067802429, "unfold_output[ms]": 0.07104873657226562}