{"runtime[ms]": 5.120754241943359, "throughput[images/s]": 195.28373219107925, "DRAM_in_bandwidth[MB/s]": 29.395669639258774, "DRAM_out_bandwidth[MB/s]": 76.99490765844119, "fclk[mhz]": 99.999, "batch_size": 1, "fold_input[ms]": 0.13256072998046875, "pack_input[ms]": 0.045299530029296875, "copy_input_data_to_device[ms]": 0.5204677581787109, "copy_output_data_from_device[ms]": 0.3788471221923828, "unpack_output[ms]": 467675.20236968994, "unfold_output[ms]": 0.05936622619628906}