{
  "step_qonnx_to_finn": 0.00010848045349121094,
  "step_tidy_up": 0.3011190891265869,
  "step_streamline": 6.364427089691162,
  "step_convert_to_hls": 0.2701303958892822,
  "step_create_dataflow_partition": 0.15871071815490723,
  "step_target_fps_parallelization": 0.03215312957763672,
  "step_apply_folding_config": 0.015714168548583984,
  "step_generate_estimate_reports": 2.6702880859375e-05,
  "step_hls_codegen": 81.81242108345032,
  "step_hls_ipgen": 171.9370527267456,
  "step_set_fifo_depths": 3563.594136238098,
  "step_create_stitched_ip": 0.00010347366333007812,
  "step_measure_rtlsim_performance": 2.8133392333984375e-05,
  "step_out_of_context_synthesis": 2.3365020751953125e-05,
  "step_synthesize_bitfile": 2728.3801641464233,
  "step_make_pynq_driver": 0.5273504257202148,
  "step_deployment_package": 0.2139120101928711
}