{
  "step_mobilenet_streamline": 6.505805969238281,
  "step_mobilenet_lower_convs": 0.23298120498657227,
  "step_mobilenet_convert_to_hls_layers_separate_th": 0.6529312133789062,
  "step_create_dataflow_partition": 0.12720489501953125,
  "step_apply_folding_config": 0.024453401565551758,
  "step_generate_estimate_reports": 0.08189630508422852,
  "step_hls_codegen": 15.247315168380737,
  "step_hls_ipgen": 273.0655708312988,
  "step_set_fifo_depths": 2281.9388320446014,
  "step_create_stitched_ip": 0.00011682510375976562,
  "step_synthesize_bitfile": 3110.8387339115143,
  "step_make_pynq_driver": 15.668201923370361,
  "step_deployment_package": 0.21863603591918945
}