{"FPGA_metrics": {"fold_input[ms]": 0.07033348083496094, "pack_input[ms]": 168116.02544784546, "copy_input_data_to_device[ms]": 0.4425048828125, "runtime[ms]": 5.337238311767578, "copy_output_data_from_device[ms]": 0.202178955078125, "unpack_output[ms]": 0.202178955078125, "unfold_output[ms]": 0.202178955078125, "throughput[images/s]": 4946.11320754717}, "FPGA throughput metrics": {"runtime[ms]": 5.345344543457031, "throughput[images/s]": 187.07867975022302, "DRAM_in_bandwidth[MB/s]": 28.160579505441568, "DRAM_out_bandwidth[MB/s]": 37.54743934058876, "fclk[mhz]": 99.999, "batch_size": 1, "fold_input[ms]": 0.05936622619628906, "pack_input[ms]": 0.05030632019042969, "copy_input_data_to_device[ms]": 0.31447410583496094, "copy_output_data_from_device[ms]": 0.2009868621826172, "unpack_output[ms]": 110492.33651161194, "unfold_output[ms]": 0.055789947509765625}, "CPU partition runtime": {"runtime[ms]": 205.62219619750977}, "CPU Full Model": {"runtime[ms]": 147.14646339416504}}