{
  "step_mobilenet_streamline": 1.5149173736572266,
  "step_mobilenet_lower_convs": 0.05428171157836914,
  "step_mobilenet_convert_to_hls_layers_separate_th": 0.15861868858337402,
  "step_create_dataflow_partition": 0.017995119094848633,
  "step_apply_folding_config": 0.006310224533081055,
  "step_generate_estimate_reports": 0.04114389419555664,
  "step_hls_codegen": 0.9476611614227295,
  "step_hls_ipgen": 212.59547400474548,
  "step_set_fifo_depths": 961.5466585159302,
  "step_create_stitched_ip": 4.982948303222656e-05,
  "step_synthesize_bitfile": 2411.0107128620148,
  "step_make_pynq_driver": 24.74465584754944,
  "step_deployment_package": 0.6006166934967041
}