{"runtime[ms]": 5.483865737915039, "throughput[images/s]": 182.35311508195295, "DRAM_in_bandwidth[MB/s]": 27.449249707056214, "DRAM_out_bandwidth[MB/s]": 18.299499804704144, "fclk[mhz]": 99.999, "batch_size": 1, "fold_input[ms]": 0.061511993408203125, "pack_input[ms]": 0.04482269287109375, "copy_input_data_to_device[ms]": 0.423431396484375, "copy_output_data_from_device[ms]": 0.14209747314453125, "unpack_output[ms]": 26438.973665237427, "unfold_output[ms]": 0.06341934204101562}