{"runtime[ms]": 245.48840522766113, "throughput[images/s]": 203.6756072191311, "DRAM_in_bandwidth[MB/s]": 30.658881803481368, "DRAM_out_bandwidth[MB/s]": 40.878509071308486, "fclk[mhz]": 99.999, "batch_size": 50, "fold_input[ms]": 0.11920928955078125, "pack_input[ms]": 0.08153915405273438, "copy_input_data_to_device[ms]": 7.503032684326172, "copy_output_data_from_device[ms]": 15.37632942199707, "unpack_output[ms]": 4763397.129535675, "unfold_output[ms]": 0.08106231689453125}