{"runtime[ms]": 489.4757270812988, "throughput[images/s]": 204.30022259998734, "DRAM_in_bandwidth[MB/s]": 30.752903907530893, "DRAM_out_bandwidth[MB/s]": 41.003871876707855, "fclk[mhz]": 99.999, "batch_size": 100, "fold_input[ms]": 0.11730194091796875, "pack_input[ms]": 0.08249282836914062, "copy_input_data_to_device[ms]": 14.513254165649414, "copy_output_data_from_device[ms]": 16.876697540283203, "unpack_output[ms]": 17264854.433774948, "unfold_output[ms]": 0.06580352783203125}