{
  "step_tidy_up": 7.094803094863892,
  "custom_step_tinyyolo_preprocess": 6.77434515953064,
  "custom_step_tinyyolo_streamline": 78.53895926475525,
  "custom_step_tinyyolo_lower": 2.559366226196289
}