{
  "step_mobilenet_streamline": 0.15316414833068848,
  "step_mobilenet_lower_convs": 0.005878925323486328,
  "step_mobilenet_convert_to_hls_layers_separate_th": 0.012481927871704102,
  "step_create_dataflow_partition": 0.006772756576538086,
  "step_apply_folding_config": 0.0014767646789550781,
  "step_generate_estimate_reports": 0.012842655181884766,
  "step_hls_codegen": 0.06633448600769043,
  "step_hls_ipgen": 50.63176441192627,
  "step_set_fifo_depths": 162.88834261894226,
  "step_create_stitched_ip": 0.00010395050048828125,
  "step_synthesize_bitfile": 1839.8098459243774,
  "step_make_pynq_driver": 22.90455412864685,
  "step_deployment_package": 0.1947488784790039
}