{"runtime[ms]": 6.044149398803711, "throughput[images/s]": 165.4492524949706, "DRAM_in_bandwidth[MB/s]": 24.904745079562936, "DRAM_out_bandwidth[MB/s]": 8.301581693187645, "fclk[mhz]": 99.999, "batch_size": 1, "fold_input[ms]": 0.09775161743164062, "pack_input[ms]": 0.05412101745605469, "copy_input_data_to_device[ms]": 0.5412101745605469, "copy_output_data_from_device[ms]": 0.15735626220703125, "unpack_output[ms]": 10471.651792526245, "unfold_output[ms]": 0.059604644775390625}