{
  "step_qonnx_to_finn": 8.177757263183594e-05,
  "step_tidy_up": 0.011354207992553711,
  "step_streamline": 0.20077037811279297,
  "step_convert_to_hls": 0.04440617561340332,
  "step_create_dataflow_partition": 0.007840633392333984,
  "step_target_fps_parallelization": 0.008575677871704102,
  "step_apply_folding_config": 1.8358230590820312e-05,
  "step_generate_estimate_reports": 2.0742416381835938e-05,
  "step_hls_codegen": 0.04723048210144043,
  "step_hls_ipgen": 55.33790922164917,
  "step_set_fifo_depths": 213.34603643417358,
  "step_create_stitched_ip": 5.5789947509765625e-05,
  "step_measure_rtlsim_performance": 9.059906005859375e-06,
  "step_out_of_context_synthesis": 6.67572021484375e-06,
  "step_synthesize_bitfile": 1827.0036375522614,
  "step_make_pynq_driver": 67.32817602157593,
  "step_deployment_package": 0.21050620079040527
}