{
  "step_qonnx_to_finn": 2.765655517578125e-05,
  "step_tidy_up": 0.009474039077758789,
  "step_streamline": 0.17821907997131348,
  "step_convert_to_hls": 0.04295969009399414,
  "step_create_dataflow_partition": 0.009314775466918945,
  "step_target_fps_parallelization": 0.01067662239074707,
  "step_apply_folding_config": 4.0531158447265625e-06,
  "step_generate_estimate_reports": 3.814697265625e-06,
  "step_hls_codegen": 0.04917502403259277,
  "step_hls_ipgen": 55.400954723358154,
  "step_set_fifo_depths": 215.77590322494507,
  "step_create_stitched_ip": 7.510185241699219e-05,
  "step_measure_rtlsim_performance": 1.7404556274414062e-05,
  "step_out_of_context_synthesis": 2.4557113647460938e-05,
  "step_synthesize_bitfile": 1902.169977903366,
  "step_make_pynq_driver": 71.82976865768433,
  "step_deployment_package": 0.19947504997253418
}