{
  "step_mobilenet_streamline": 2.7140462398529053,
  "step_mobilenet_lower_convs": 0.07444095611572266,
  "step_mobilenet_convert_to_hls_layers_separate_th": 0.2337808609008789,
  "step_create_dataflow_partition": 0.02249908447265625,
  "step_apply_folding_config": 0.006856203079223633,
  "step_generate_estimate_reports": 0.041059017181396484,
  "step_hls_codegen": 1.950239896774292,
  "step_hls_ipgen": 166.22275352478027,
  "step_set_fifo_depths": 1235.184362411499,
  "step_create_stitched_ip": 5.1021575927734375e-05,
  "step_synthesize_bitfile": 2584.248730659485,
  "step_make_pynq_driver": 20.302279472351074,
  "step_deployment_package": 0.19919252395629883
}